Product Name,Return Rate
Vitamin C,1.1191569704756574
Electrolyte Powder,1.0745710379107
Collagen Peptides,1.0492576957805082
Magnesium,1.0423129897549275
Pre-Workout,1.0363745831592717
